Scenario,ATP,NADH,Fdred,Sulfate,N2,CO2,HCO3-,HCO2-,CO,Target Molecule,Target,
ALA_3HP4HB,13.999982269571102,5.9999924204892405,3.999995274888577,-0.0,0.4999994093610721,-0.9999992619579865,3.99999471764764,-0.0,-0.0,L-Alanine,1.0
ALA_3HP,13.999982269571102,6.9999909215623966,3.999995274888577,-0.0,0.4999994093610721,-0.9999992619579865,3.99999471764764,-0.0,-0.0,L-Alanine,1.0
ALA_4HB,12.003893590584742,2.0001641689140572,12.00265337174743,-0.0,0.5002206528918144,1.0000691258908285,2.0001439332976627,-0.0,-0.0,L-Alanine,1.0
ALA_CBB,15.992247028407414,5.997047889625648,3.9985185905938976,-0.0,0.4998148238242372,1.998713696238506,0.9997235652888324,-0.0,-0.0,L-Alanine,1.0
ALA_FORM,13.001353828683907,3.000388253798801,4.000156847107597,-0.0,0.5000196058884496,-1.000103477603763,1.0001305180076847,3.000673941911712,-0.0,L-Alanine,1.0
ALA_WL,9.99790695336218,4.998260117816809,5.99888232219941,-0.0,0.49991238310887903,1.9990947876343488,0.9997574800753845,-0.0,-0.0,L-Alanine,1.0
ALA_rTCA,10.997458296906913,4.998260117816809,5.99888232219941,-0.0,0.49991238310887903,1.9990947876343488,0.9997574800753845,-0.0,-0.0,L-Alanine,1.0
ARG_3HP4HB,46.975718998196086,10.987492503665264,15.996005334050047,-0.0,1.9995006667562558,-1.9971575208482357,7.990191804939076,-0.0,-0.0,L-Arginine,1.0
ARG_3HP,46.975718998196086,12.984637270154064,15.996005334050047,-0.0,1.9995006667562558,-1.9971575208482357,7.990191804939076,-0.0,-0.0,L-Arginine,1.0
ARG_4HB,43.001132629187474,4.000374678506168,30.00205405175095,-0.0,2.0000167970869023,2.0002934788351086,4.000309111756794,-0.0,-0.0,L-Arginine,1.0
ARG_CBB,51.04300180347617,11.013620474225393,16.008848311421758,-0.0,2.0011060389277198,4.005808052897026,2.0023445919959855,-0.0,-0.0,L-Arginine,1.0
ARG_FORM,44.99957463234331,4.999679978447983,16.000197139328524,-0.0,2.0000246424160655,-1.9997078291747634,2.0000489810818856,5.999209433933025,-0.0,L-Arginine,1.0
ARG_WL,39.07859827059423,10.066171558138766,18.038078992237445,-0.0,2.003344560481083,4.031854989516601,2.005923392753979,-0.0,-0.0,L-Arginine,1.0
ARG_rTCA,41.094367957129144,10.066171558138766,18.038078992237445,-0.0,2.003344560481083,4.031854989516601,2.005923392753979,-0.0,-0.0,L-Arginine,1.0
ASN_3HP4HB,22.997966584210463,5.998736152515763,7.999801586690131,-0.0,0.9999751983362664,0.00033621847273866646,3.998974060970469,-0.0,-0.0,L-Asparagine,1.0
ASN_3HP,22.997966584210463,6.998430827445629,7.999801586690131,-0.0,0.9999751983362664,0.00033621847273866646,3.998974060970469,-0.0,-0.0,L-Asparagine,1.0
ASN_4HB,21.0,2.0,16.0,-0.0,1.0,2.0,2.0,-0.0,-0.0,L-Asparagine,1.0
ASN_CBB,24.99960892931639,6.001870736450063,7.997774830656078,-0.0,0.9997218538320097,3.001321606486902,1.0002148780883455,-0.0,-0.0,L-Asparagine,1.0
ASN_FORM,21.999976616314598,2.9999684846242998,8.000075362798441,-0.0,1.0000094203498051,2.9998850668069747e-05,0.9999845660493761,2.9998860566125423,-0.0,L-Asparagine,1.0
ASN_WL,18.99972291258824,5.000503786005755,9.999977493596326,-0.0,0.999968934993193,3.0003969061033153,1.000082693370096,-0.0,-0.0,L-Asparagine,1.0
ASN_rTCA,19.999860171915294,5.000503786005755,9.999977493596326,-0.0,0.999968934993193,3.0003969061033153,1.000082693370096,-0.0,-0.0,L-Asparagine,1.0
ASP_3HP4HB,14.000073809374394,6.000058722436742,4.000000670624693,-0.0,0.5000000838280866,-6.933401882584984e-06,4.000046308293946,-0.0,-0.0,L-Aspartate,1.0
ASP_3HP,14.000073809374394,7.000071802352274,4.000000670624693,-0.0,0.5000000838280866,-6.933401882584984e-06,4.000046308293946,-0.0,-0.0,L-Aspartate,1.0
ASP_4HB,12.0013164186914,1.999970435730658,12.0005153459446,-0.0,0.5000920486166488,1.999862238829722,1.9998754778424854,-0.0,-0.0,L-Aspartate,1.0
ASP_CBB,16.000000187229833,6.000000232659291,3.9999999105811668,-0.0,0.49999998882264585,3.0000001492002832,1.000000030235268,-0.0,-0.0,L-Aspartate,1.0
ASP_FORM,12.999433468359923,2.999844320882565,3.9999619535426265,-0.0,0.4999952441928283,6.947769940634611e-05,0.999938670925536,2.999684802852696,-0.0,L-Aspartate,1.0
ASP_WL,10.006985570200086,5.006643007975681,6.003494108578658,-0.0,0.5002792277868773,3.003376833514046,1.0007888649877879,-0.0,-0.0,L-Aspartate,1.0
ASP_rTCA,11.008714630822348,5.006643007975681,6.003494108578658,-0.0,0.5002792277868773,3.003376833514046,1.0007888649877879,-0.0,-0.0,L-Aspartate,1.0
CYS_3HP4HB,14.00066443684767,9.000229000859402,4.000164118311483,0.9999820458262658,0.5000205147889354,-2.499339095939016e-05,3.000217085064619,-0.0,-0.0,L-Cysteine,1.0
CYS_3HP,14.00066443684767,10.00030136254761,4.000164118311483,0.9999820458262658,0.5000205147889354,-2.499339095939016e-05,3.000217085064619,-0.0,-0.0,L-Cysteine,1.0
CYS_4HB,12.000236497816516,5.00021212654089,11.99993174658628,1.0001642382093425,0.5000198988004902,1.9999684358803835,0.9999589211053976,-0.0,-0.0,L-Cysteine,1.0
CYS_CBB,16.0001459258229,9.000160102794737,4.000002204150024,0.9999858356373139,0.500000275518753,3.000064490984619,-0.0,-0.0,-0.0,L-Cysteine,1.0
CYS_FORM,12.999815132751447,6.000404806968322,3.999879935829435,1.0000829978293013,0.49998499197867935,-7.550325439192259e-05,-0.0,3.0001498328767204,-0.0,L-Cysteine,1.0
CYS_WL,10.000325254054315,8.00071055763126,6.0002174603403216,1.0000750999604198,0.5000179778555635,3.000276373793853,-0.0,-0.0,-0.0,L-Cysteine,1.0
CYS_rTCA,11.000445031577287,8.00071055763126,6.0002174603403216,1.0000750999604198,0.5000179778555635,3.000276373793853,-0.0,-0.0,-0.0,L-Cysteine,1.0
GLN_3HP4HB,27.999999939175456,8.999999927330013,8.000000019517492,-0.0,1.0000000024396865,-1.9999999785317526,6.999999939472572,-0.0,-0.0,L-Glutamine,1.0
GLN_3HP,27.999999939175456,10.999999907663964,8.000000019517492,-0.0,1.0000000024396865,-1.9999999785317526,6.999999939472572,-0.0,-0.0,L-Glutamine,1.0
GLN_4HB,24.000000560301423,2.00000011313866,22.000001061070435,-0.0,1.0000000038758412,2.0000001650028545,3.0000002017700305,-0.0,-0.0,L-Glutamine,1.0
GLN_CBB,32.0,9.0,8.0,-0.0,1.0,4.0,1.0,-0.0,-0.0,L-Glutamine,1.0
GLN_FORM,26.006568162677056,3.0015761730803514,8.000534076093029,-0.0,1.0000667595116286,-2.001096888092592,1.00046470338275,6.003752665900872,-0.0,L-Glutamine,1.0
GLN_WL,20.0,8.0,10.0,-0.0,1.0,4.0,1.0,-0.0,-0.0,L-Glutamine,1.0
GLN_rTCA,22.0,8.0,10.0,-0.0,1.0,4.0,1.0,-0.0,-0.0,L-Glutamine,1.0
GLU_3HP4HB,18.999999768104306,8.9999998612333,3.9999999757873734,-0.0,0.4999999969734217,-1.9999999641439175,6.99999988637867,-0.0,-0.0,L-Glutamate,1.0
GLU_3HP,18.999999768104306,10.999999826308747,3.9999999757873734,-0.0,0.4999999969734217,-1.9999999641439175,6.99999988637867,-0.0,-0.0,L-Glutamate,1.0
GLU_4HB,15.000000041618167,2.0000000309684447,18.00000022418049,-0.0,0.49999999458105693,2.0000000452671878,3.0000000486764047,-0.0,-0.0,L-Glutamate,1.0
GLU_CBB,23.001737183958262,8.999996921586419,4.000852240863437,-0.0,0.5001065301079296,3.999991769617955,1.000014670341766,-0.0,-0.0,L-Glutamate,1.0
GLU_FORM,16.999999715021996,2.9999999392802104,3.9999999806268884,-0.0,0.49999999757836106,-1.9999999437501434,0.9999999839822291,5.99999982454553,-0.0,L-Glutamate,1.0
GLU_WL,11.001618257219446,7.9999448482258435,6.000776385777677,-0.0,0.500101198615365,3.9999506756134426,1.0000102938537165,-0.0,-0.0,L-Glutamate,1.0
GLU_rTCA,13.001607042739336,7.9999448482258435,6.000776385777677,-0.0,0.500101198615365,3.9999506756134426,1.0000102938537165,-0.0,-0.0,L-Glutamate,1.0
GLY_3HP4HB,12.999537378151887,3.000226817581566,3.9998376500305453,-0.0,0.49997970625381816,-0.9997629222849762,2.999917246854478,-0.0,-0.0,Glycine,1.0
GLY_3HP,12.999537378151887,4.000199233199726,3.9998376500305453,-0.0,0.49997970625381816,-0.9997629222849762,2.999917246854478,-0.0,-0.0,Glycine,1.0
GLY_4HB,10.999968851719302,-1.0000132417704968,11.999965017487002,-0.0,0.499998216501429,0.9999844180681026,0.9999991292321461,-0.0,-0.0,Glycine,1.0
GLY_CBB,14.996737117832765,2.998752167327262,3.9992325928043435,-0.0,0.49990407410054294,1.9992761760282916,-0.0,-0.0,-0.0,Glycine,1.0
GLY_FORM,11.995810290690294,-0.001658657239205545,3.9988982415274155,-0.0,0.49986228019092693,-1.0004448221103444,-0.0,2.998552204487307,-0.0,Glycine,1.0
GLY_WL,8.999807493360937,1.9999592123160717,5.999802947374577,-0.0,0.4999861170225365,1.9999469987389684,-0.0,-0.0,-0.0,Glycine,1.0
GLY_rTCA,9.99983711436129,1.9999592123160717,5.999802947374577,-0.0,0.4999861170225365,1.9999469987389684,-0.0,-0.0,-0.0,Glycine,1.0
ILE_3HP4HB,23.00046017347862,15.000282905188875,4.000063843506735,-0.0,0.5000079804383418,-3.000099645684848,9.000208674026727,-0.0,-0.0,L-Isoleucine,1.0
ILE_3HP,23.00046017347862,18.000344811408088,4.000063843506735,-0.0,0.5000079804383418,-3.000099645684848,9.000208674026727,-0.0,-0.0,L-Isoleucine,1.0
ILE_4HB,16.999956948183005,3.9996518483285506,25.997160959902565,-0.0,0.5000576969723772,3.000575432992266,2.999705994949237,-0.0,-0.0,L-Isoleucine,1.0
ILE_CBB,29.002234429078165,15.001259157397188,4.000063460880819,-0.0,0.5000079326101023,6.000685820402907,-4.33639847959844e-05,-0.0,-0.0,L-Isoleucine,1.0
ILE_FORM,19.996148738180917,5.9967805276486335,4.0013647486214134,-0.0,0.5001705935776767,-2.9993450315565444,0.0004914348291839124,8.994947715883983,-0.0,L-Isoleucine,1.0
ILE_WL,10.997225623939139,13.001500578241613,7.99895222363307,-0.0,0.49982311464293416,6.001155834287309,-0.0003091295175756637,-0.0,-0.0,L-Isoleucine,1.0
ILE_rTCA,13.997590543108904,13.001500578241613,7.99895222363307,-0.0,0.49982311464293416,6.001155834287309,-0.0003091295175756637,-0.0,-0.0,L-Isoleucine,1.0
LEU_3HP4HB,23.002324777787557,15.002378011317417,3.999700976250152,-0.0,0.499962622031269,-3.000578003917573,9.00179009494688,-0.0,-0.0,L-Leucine,1.0
LEU_3HP,23.002324777787557,18.0029443764876,3.999700976250152,-0.0,0.499962622031269,-3.000578003917573,9.00179009494688,-0.0,-0.0,L-Leucine,1.0
LEU_4HB,16.992348021078037,3.999486289128735,25.99035080462861,-0.0,0.49984770578206456,2.999251389298777,2.9977550688897385,-0.0,-0.0,L-Leucine,1.0
LEU_CBB,29.005726699353435,15.00411028364212,3.9999120990511035,-0.0,0.49998901238138793,6.00192917588995,2.1268788781780737e-05,-0.0,-0.0,L-Leucine,1.0
LEU_FORM,20.00560731455364,6.001859674439423,4.000563808171122,-0.0,0.5000704760213902,-3.0009443156872226,0.00015794516041369626,9.003326691884165,-0.0,L-Leucine,1.0
LEU_WL,11.000808728676047,13.007249712585544,8.002615768385391,-0.0,0.499955113404172,6.004197030770485,-0.00014143682624936344,-0.0,-0.0,L-Leucine,1.0
LEU_rTCA,14.002477079711587,13.007249712585544,8.002615768385391,-0.0,0.499955113404172,6.004197030770485,-0.00014143682624936344,-0.0,-0.0,L-Leucine,1.0
LYS_3HP4HB,33.03112578280704,14.015647396595094,8.005512412546867,-0.0,1.0006890515683584,-4.004859478778803,10.012404018860373,-0.0,-0.0,L-Lysine,1.0
LYS_3HP,33.03112578280704,17.01926828642247,8.005512412546867,-0.0,1.0006890515683584,-4.004859478778803,10.012404018860373,-0.0,-0.0,L-Lysine,1.0
LYS_4HB,27.00260416776041,4.0004472251110395,28.00390635342025,-0.0,1.0000515184399197,2.0004638054734816,4.000699537219838,-0.0,-0.0,L-Lysine,1.0
LYS_CBB,38.996956681442846,13.99854702246566,7.9998119937414085,-0.0,0.9999764992176761,4.9993626874667125,0.9998674414264915,-0.0,-0.0,L-Lysine,1.0
LYS_FORM,29.98325376959495,4.9956945846142835,7.999305183871818,-0.0,0.9999131479839772,-3.996869191869574,0.998591365973304,8.98950116419824,-0.0,L-Lysine,1.0
LYS_WL,20.999999422562205,12.999999259976875,9.999999715449528,-0.0,0.9999999813427075,4.999999637193276,0.9999999604722559,-0.0,-0.0,L-Lysine,1.0
LYS_rTCA,23.99999922706908,12.999999259976875,9.999999715449528,-0.0,0.9999999813427075,4.999999637193276,0.9999999604722559,-0.0,-0.0,L-Lysine,1.0
MET_3HP4HB,19.99901412172391,14.999645541203337,5.999811425120907,1.00000264506493,0.4999712803294975,-0.9999619901053761,6.999666685751938,-0.0,-0.9999815687960348,L-Methionine,1.0
MET_3HP,19.99901412172391,16.99954205621153,5.999811425120907,1.00000264506493,0.4999712803294975,-0.9999619901053761,6.999666685751938,-0.0,-0.9999815687960348,L-Methionine,1.0
MET_4HB,16.000000088535234,7.999999920482404,20.00000055968112,0.9999999498846995,0.4999999859501511,3.0000001561227587,3.000000124758491,-0.0,-1.0000000115353633,L-Methionine,1.0
MET_CBB,23.997096832857405,14.997520638373464,5.998067859139477,0.9993453006615071,0.4998265517955484,4.999932470496246,0.9997051894968456,-0.0,-1.0001247228760992,L-Methionine,1.0
MET_FORM,18.00011692050875,9.000066025359512,5.999935292435636,1.000016024010883,0.4999944179298709,-1.0000214026185223,1.0000128019199275,6.000156408343493,-1.0000069413142625,L-Methionine,1.0
MET_WL,12.000586571368455,13.998326716946083,7.999944807561199,0.9997204698145162,0.5000584843512712,4.999299871185551,0.9998628285209518,-0.0,-1.0000044519919356,L-Methionine,1.0
MET_rTCA,14.000349730699718,13.998326716946083,7.999944807561199,0.9997204698145162,0.5000584843512712,4.999299871185551,0.9998628285209518,-0.0,-1.0000044519919356,L-Methionine,1.0
PHE_3HP4HB,30.999024462651718,19.999000317656808,4.000191530439549,-0.0,0.5000239413049437,-0.00010235153568202948,8.999671548304267,-0.0,-0.0,L-Phenylalanine,1.0
PHE_3HP,30.999024462651718,22.99889083375823,4.000191530439549,-0.0,0.5000239413049437,-0.00010235153568202948,8.999671548304267,-0.0,-0.0,L-Phenylalanine,1.0
PHE_4HB,25.004865767883427,7.0018147286250585,30.007507416893198,-0.0,0.49998347426967227,6.002056177017384,3.0008612897795954,-0.0,-0.0,L-Phenylalanine,1.0
PHE_CBB,36.977376956963184,19.9853047745694,3.99993304564802,-0.0,0.4999916307060025,8.992438343846565,-0.0,-0.0,-0.0,L-Phenylalanine,1.0
PHE_FORM,27.997778148747923,10.998806231056093,3.999934785116469,-0.0,0.4999918481395586,-0.00020221204512930094,-0.0,8.999233544246575,-0.0,L-Phenylalanine,1.0
PHE_WL,18.99753784898936,15.99747953827577,11.998095300952434,-0.0,0.5000198277305697,8.998099421028698,-0.0,-0.0,-0.0,L-Phenylalanine,1.0
PHE_rTCA,21.99707541494133,15.99747953827577,11.998095300952434,-0.0,0.5000198277305697,8.998099421028698,-0.0,-0.0,-0.0,L-Phenylalanine,1.0
PRO_3HP4HB,19.000474439020362,11.000186492885891,4.000131987005382,-0.0,0.5000164983756727,-2.0000238277483566,7.000129485891186,-0.0,-0.0,L-Proline,1.0
PRO_3HP,19.000474439020362,13.000226982445099,4.000131987005382,-0.0,0.5000164983756727,-2.0000238277483566,7.000129485891186,-0.0,-0.0,L-Proline,1.0
PRO_4HB,15.000000052402763,4.000000041226576,18.00000041027909,-0.0,0.4999999886999654,2.0000000891587004,3.00000008915865,-0.0,-0.0,L-Proline,1.0
PRO_CBB,22.972745846348424,10.986910887565765,3.997370450813195,-0.0,0.49967130635164936,3.993884500409684,0.9987179851663958,-0.0,-0.0,L-Proline,1.0
PRO_FORM,16.99999842760876,4.999999668703512,3.9999997392216775,-0.0,0.4999999674027097,-1.9999997735481128,0.9999999034051419,5.999999283921216,-0.0,L-Proline,1.0
PRO_WL,10.996068514960596,9.996122307175055,5.997680931807555,-0.0,0.4998421089856383,3.997936586123325,0.9995749954062213,-0.0,-0.0,L-Proline,1.0
PRO_rTCA,12.995088290744759,9.996122307175055,5.997680931807555,-0.0,0.4998421089856383,3.997936586123325,0.9995749954062213,-0.0,-0.0,L-Proline,1.0
SER_3HP4HB,13.000001459880217,5.000000339911216,4.000000535079847,-0.0,0.5000000668849809,-4.98093080186057e-08,3.000000233832314,-0.0,-0.0,L-Serine,1.0
SER_3HP,13.000001459880217,6.00000041785532,4.000000535079847,-0.0,0.5000000668849809,-4.98093080186057e-08,3.000000233832314,-0.0,-0.0,L-Serine,1.0
SER_4HB,10.998892401757793,0.9995506954634131,11.996790439086325,-0.0,0.500015019710472,1.999233749774448,0.9995506954634131,-0.0,-0.0,L-Serine,1.0
SER_CBB,14.999999863338486,4.999999983035264,3.999999946513388,-0.0,0.4999999933141735,2.999999991517632,-0.0,-0.0,-0.0,L-Serine,1.0
SER_FORM,11.999999422137076,1.9999998595260748,3.9999998999686137,-0.0,0.4999999874960767,4.5767694870912214e-08,-0.0,2.9999997206375704,-0.0,L-Serine,1.0
SER_WL,9.000979168714293,4.00054610210036,6.00045347995653,-0.0,0.5000526651993251,3.000289130231144,-0.0,-0.0,-0.0,L-Serine,1.0
SER_rTCA,10.001115694239383,4.00054610210036,6.00045347995653,-0.0,0.5000526651993251,3.000289130231144,-0.0,-0.0,-0.0,L-Serine,1.0
THR_3HP4HB,18.000006033607576,7.999820124985054,4.0000822130514155,-0.0,0.5000102766314269,-1.999968929403166,5.999904964502848,-0.0,-0.0,L-Threonine,1.0
THR_3HP,18.000006033607576,9.999788446486004,4.0000822130514155,-0.0,0.5000102766314269,-1.999968929403166,5.999904964502848,-0.0,-0.0,L-Threonine,1.0
THR_4HB,14.004806245519449,1.0001502814371321,18.005336289352805,-0.0,0.5002278748144169,2.0009861128571607,2.0003867494962595,-0.0,-0.0,L-Threonine,1.0
THR_CBB,22.00059268207509,8.000335893440074,3.9999306380767767,-0.0,0.4999913297595971,4.000180603732072,-0.0,-0.0,-0.0,L-Threonine,1.0
THR_FORM,15.999595955506154,2.0001811264028255,3.9997343043715623,-0.0,0.4999667880464453,-2.000020903385277,-0.0,6.00008321379027,-0.0,L-Threonine,1.0
THR_WL,9.999947195445317,6.99993562103254,5.999977106690286,-0.0,0.49999786055622264,3.999971110350567,-0.0,-0.0,-0.0,L-Threonine,1.0
THR_rTCA,11.99992862199107,6.99993562103254,5.999977106690286,-0.0,0.49999786055622264,3.999971110350567,-0.0,-0.0,-0.0,L-Threonine,1.0
TRP_3HP4HB,46.005525912839275,23.002650616196384,8.000858947740301,-0.0,1.0001073684675377,-1.000180873497139,12.0014791089793,-0.0,-0.0,L-Tryptophan,1.0
TRP_3HP,46.005525912839275,27.003143652522812,8.000858947740301,-0.0,1.0001073684675377,-1.000180873497139,12.0014791089793,-0.0,-0.0,L-Tryptophan,1.0
TRP_4HB,38.02509690238563,6.008701602067897,42.035006661513165,-0.0,1.0000699267118152,7.009512940113056,4.003895549994083,-0.0,-0.0,L-Tryptophan,1.0
TRP_CBB,54.001061853092324,23.00243701937345,7.999139273493365,-0.0,0.9998924091866707,11.001427371786196,-0.0,-0.0,-0.0,L-Tryptophan,1.0
TRP_FORM,42.01441381032321,11.005081389166621,8.001864063076882,-0.0,1.0002330078846102,-0.9997305726428524,-0.0,12.00479447858379,-0.0,L-Tryptophan,1.0
TRP_WL,29.993599958728765,17.993430683987402,17.99608257525434,-0.0,0.9999546998605298,10.995819635669424,-0.0,-0.0,-0.0,L-Tryptophan,1.0
TRP_rTCA,33.99227637335917,17.993430683987402,17.99608257525434,-0.0,0.9999546998605298,10.995819635669424,-0.0,-0.0,-0.0,L-Tryptophan,1.0
TYR_3HP4HB,31.001170500315848,19.00016589361765,4.00047600213976,-0.0,0.50005950026747,-0.00012041759311997686,9.000274926184746,-0.0,-0.0,L-Tyrosine,1.0
TYR_3HP,31.001170500315848,22.000244451044434,4.00047600213976,-0.0,0.50005950026747,-0.00012041759311997686,9.000274926184746,-0.0,-0.0,L-Tyrosine,1.0
TYR_4HB,25.009721351972576,6.003466105575462,30.014742486751857,-0.0,0.5000451500074725,6.00371870487827,3.0022149420194753,-0.0,-0.0,L-Tyrosine,1.0
TYR_CBB,36.997748553847885,18.998474007025386,4.00004142567588,-0.0,0.500005178209485,8.999175708352475,-5.562325939716702e-05,-0.0,-0.0,L-Tyrosine,1.0
TYR_FORM,27.995302032537847,9.997919912980418,3.999313135440898,-0.0,0.49991414193011224,-0.00043978728469422216,0.00016529208251615292,8.998915958733331,-0.0,L-Tyrosine,1.0
TYR_WL,18.99786866246073,14.998369449619954,11.998658606195931,-0.0,0.49992908822115056,8.999036488380165,-0.0001279636078034303,-0.0,-0.0,L-Tyrosine,1.0
TYR_rTCA,21.99750155674437,14.998369449619954,11.998658606195931,-0.0,0.49992908822115056,8.999036488380165,-0.0001279636078034303,-0.0,-0.0,L-Tyrosine,1.0
VAL_3HP4HB,18.008970892165756,12.006832337651066,4.00056672762187,-0.0,0.5000708409527338,-1.0010626718580187,6.0048293943661974,-0.0,-0.0,L-Valine,1.0
VAL_3HP,18.008970892165756,14.008336358928975,4.00056672762187,-0.0,0.5000708409527338,-1.0010626718580187,6.0048293943661974,-0.0,-0.0,L-Valine,1.0
VAL_4HB,13.999453393304517,3.999588143891055,19.99734778682544,-0.0,0.5000278582566289,2.999404239133213,1.999701564075987,-0.0,-0.0,L-Valine,1.0
VAL_CBB,22.000192831424183,12.000689047409868,3.9997591241065558,-0.0,0.49996989051331947,5.000387172226087,-9.419093542206018e-05,-0.0,-0.0,L-Valine,1.0
VAL_FORM,16.001683633351416,5.999427222347081,4.0010475227938205,-0.0,0.5001309403492276,-1.0002266708777907,0.00022125646251288506,5.999635908333975,-0.0,L-Valine,1.0
VAL_WL,10.000423458969596,10.005478547119596,8.002545151919215,-0.0,0.4999577139117323,5.003423066186114,-0.00016640988320764017,-0.0,-0.0,L-Valine,1.0
VAL_rTCA,12.001689905234684,10.005478547119596,8.002545151919215,-0.0,0.4999577139117323,5.003423066186114,-0.00016640988320764017,-0.0,-0.0,L-Valine,1.0
